[
{"months_south": [false, false, false, false, true, true, true, true, true, false, false, false], "location": {"eng": "River", "deu": "Fluss"}, "shadow": "1", "time": [[0, 24]], "months_north": [true, true, true, false, false, false, false, false, false, false, true, true], "name": {"eng": "Bitterling", "deu": "Bitterling"}, "caught": false, "id": 0, "price": 900} ,
{"months_south": [true, true, true, true, true, true, true, true, true, true, true, true], "location": {"eng": "River", "deu": "Fluss"}, "shadow": "1", "time": [[9, 16]], "months_north": [true, true, true, true, true, true, true, true, true, true, true, true], "name": {"eng": "Pale chub", "deu": "Döbel"}, "caught": false, "id": 1, "price": 200} ,
{"months_south": [true, true, true, true, true, true, true, true, true, true, true, true], "location": {"eng": "River", "deu": "Fluss"}, "shadow": "2", "time": [[0, 24]], "months_north": [true, true, true, true, true, true, true, true, true, true, true, true], "name": {"eng": "Crucian carp", "deu": "Karausche"}, "caught": false, "id": 2, "price": 160} ,
{"months_south": [true, true, true, true, true, true, true, true, true, true, true, true], "location": {"eng": "River", "deu": "Fluss"}, "shadow": "3", "time": [[16, 9]], "months_north": [true, true, true, true, true, true, true, true, true, true, true, true], "name": {"eng": "Dace", "deu": "Hasel"}, "caught": false, "id": 3, "price": 240} ,
{"months_south": [true, true, true, true, true, true, true, true, true, true, true, true], "location": {"eng": "Pond", "deu": "Teich"}, "shadow": "4", "time": [[0, 24]], "months_north": [true, true, true, true, true, true, true, true, true, true, true, true], "name": {"eng": "Carp", "deu": "Karpfen"}, "caught": false, "id": 4, "price": 300} ,
{"months_south": [true, true, true, true, true, true, true, true, true, true, true, true], "location": {"eng": "Pond", "deu": "Teich"}, "shadow": "4", "time": [[16, 9]], "months_north": [true, true, true, true, true, true, true, true, true, true, true, true], "name": {"eng": "Koi", "deu": "Koi-Karpfen"}, "caught": false, "id": 5, "price": 4000} ,
{"months_south": [true, true, true, true, true, true, true, true, true, true, true, true], "location": {"eng": "Pond", "deu": "Teich"}, "shadow": "1", "time": [[0, 24]], "months_north": [true, true, true, true, true, true, true, true, true, true, true, true], "name": {"eng": "Goldfish", "deu": "Goldfisch"}, "caught": false, "id": 6, "price": 1300} ,
{"months_south": [true, true, true, true, true, true, true, true, true, true, true, true], "location": {"eng": "Pond", "deu": "Teich"}, "shadow": "1", "time": [[9, 16]], "months_north": [true, true, true, true, true, true, true, true, true, true, true, true], "name": {"eng": "Pop-eyed goldfish", "deu": "Teleskopauge"}, "caught": false, "id": 7, "price": 1300} ,
{"months_south": [true, true, true, true, true, true, true, true, true, true, true, true], "location": {"eng": "Pond", "deu": "Teich"}, "shadow": "2", "time": [[9, 16]], "months_north": [true, true, true, true, true, true, true, true, true, true, true, true], "name": {"eng": "Ranchu goldfish", "deu": "Ranchu"}, "caught": false, "id": 8, "price": 4500} ,
{"months_south": [true, true, false, false, false, false, false, false, false, true, true, true], "location": {"eng": "Pond", "deu": "Teich"}, "shadow": "1", "time": [[0, 24]], "months_north": [false, false, false, true, true, true, true, true, false, false, false, false], "name": {"eng": "Killifish", "deu": "Kilifisch"}, "caught": false, "id": 9, "price": 300} ,
{"months_south": [true, true, true, false, false, false, false, false, false, true, true, true], "location": {"eng": "Pond", "deu": "Teich"}, "shadow": "2", "time": [[0, 24]], "months_north": [false, false, false, true, true, true, true, true, true, false, false, false], "name": {"eng": "Crawfish", "deu": "Flusskrebs"}, "caught": false, "id": 10, "price": 200} ,
{"months_south": [false, true, true, false, false, false, false, false, false, false, false, false], "location": {"eng": "River", "deu": "Fluss"}, "shadow": "4", "time": [[16, 9]], "months_north": [false, false, false, false, false, false, false, true, true, false, false, false], "name": {"eng": "Soft-shelled turtle", "deu": "Weichschildkröte"}, "caught": false, "id": 11, "price": 3750} ,
{"months_south": [true, true, true, true, false, false, false, false, false, true, true, true], "location": {"eng": "River", "deu": "Fluss"}, "shadow": "5", "time": [[21, 4]], "months_north": [false, false, false, true, true, true, true, true, true, true, false, false], "name": {"eng": "Snapping turtle", "deu": "Schnappschildkröte"}, "caught": false, "id": 12, "price": 5000} ,
{"months_south": [true, false, false, false, false, false, false, false, true, true, true, true], "location": {"eng": "Pond", "deu": "Teich"}, "shadow": "1", "time": [[0, 24]], "months_north": [false, false, true, true, true, true, true, false, false, false, false, false], "name": {"eng": "Tadpole", "deu": "Kaulquappe"}, "caught": false, "id": 13, "price": 100} ,
{"months_south": [true, true, false, false, false, false, false, false, false, false, true, true], "location": {"eng": "Pond", "deu": "Teich"}, "shadow": "2", "time": [[0, 24]], "months_north": [false, false, false, false, true, true, true, true, false, false, false, false], "name": {"eng": "Frog", "deu": "Frosch"}, "caught": false, "id": 14, "price": 120} ,
{"months_south": [true, true, true, true, true, true, true, true, true, true, true, true], "location": {"eng": "River", "deu": "Fluss"}, "shadow": "2", "time": [[16, 9]], "months_north": [true, true, true, true, true, true, true, true, true, true, true, true], "name": {"eng": "Freshwater goby", "deu": "Flussgrundel"}, "caught": false, "id": 15, "price": 400} ,
{"months_south": [false, false, false, false, false, false, false, false, true, true, true, false], "location": {"eng": "River", "deu": "Fluss"}, "shadow": "2", "time": [[0, 24]], "months_north": [false, false, true, true, true, false, false, false, false, false, false, false], "name": {"eng": "Loach", "deu": "Bachschmerle"}, "caught": false, "id": 16, "price": 400} ,
{"months_south": [true, true, true, true, false, false, false, false, false, false, true, true], "location": {"eng": "Pond", "deu": "Teich"}, "shadow": "4", "time": [[16, 9]], "months_north": [false, false, false, false, true, true, true, true, true, true, false, false], "name": {"eng": "Catfish", "deu": "Katzenwels"}, "caught": false, "id": 17, "price": 800} ,
{"months_south": [true, true, false, false, false, false, false, false, false, false, false, true], "location": {"eng": "Pond", "deu": "Teich"}, "shadow": "5", "time": [[9, 16]], "months_north": [false, false, false, false, false, true, true, true, false, false, false, false], "name": {"eng": "Giant snakehead", "deu": "Schlangenkopf"}, "caught": false, "id": 18, "price": 5500} ,
{"months_south": [true, true, true, true, true, true, true, true, true, true, true, true], "location": {"eng": "River", "deu": "Fluss"}, "shadow": "2", "time": [[9, 16]], "months_north": [true, true, true, true, true, true, true, true, true, true, true, true], "name": {"eng": "Bluegill", "deu": "Sonnenbarsch"}, "caught": false, "id": 19, "price": 180} ,
{"months_south": [false, false, false, true, true, true, true, true, true, false, false, false], "location": {"eng": "River", "deu": "Fluss"}, "shadow": "3", "time": [[0, 24]], "months_north": [true, true, true, false, false, false, false, false, false, true, true, true], "name": {"eng": "Yellow perch", "deu": "Flussbarsch"}, "caught": false, "id": 20, "price": 300} ,
{"months_south": [true, true, true, true, true, true, true, true, true, true, true, true], "location": {"eng": "River", "deu": "Fluss"}, "shadow": "4", "time": [[0, 24]], "months_north": [true, true, true, true, true, true, true, true, true, true, true, true], "name": {"eng": "Black bass", "deu": "Barsch"}, "caught": false, "id": 21, "price": 400} ,
{"months_south": [true, true, true, true, false, false, false, false, false, false, false, true], "location": {"eng": "River", "deu": "Fluss"}, "shadow": "3", "time": [[0, 24]], "months_north": [false, false, false, false, false, true, true, true, true, true, false, false], "name": {"eng": "Tilapia", "deu": "Tilapia"}, "caught": false, "id": 22, "price": 800} ,
{"months_south": [false, false, true, true, true, true, false, false, false, false, false, false], "location": {"eng": "River", "deu": "Fluss"}, "shadow": "5", "time": [[0, 24]], "months_north": [false, false, false, false, false, false, false, false, true, true, true, true], "name": {"eng": "Pike", "deu": "Hecht"}, "caught": false, "id": 23, "price": 1800} ,
{"months_south": [false, false, false, false, false, true, true, true, false, false, false, false], "location": {"eng": "River", "deu": "Fluss"}, "shadow": "2", "time": [[0, 24]], "months_north": [true, true, false, false, false, false, false, false, false, false, false, true], "name": {"eng": "Pond smelt", "deu": "Stint"}, "caught": false, "id": 24, "price": 500} ,
{"months_south": [true, true, true, false, false, false, false, false, false, false, false, false], "location": {"eng": "River", "deu": "Fluss"}, "shadow": "3", "time": [[0, 24]], "months_north": [false, false, false, false, false, false, true, true, true, false, false, false], "name": {"eng": "Sweetfish", "deu": "Ayu"}, "caught": false, "id": 25, "price": 900} ,
{"months_south": [false, false, true, true, true, false, false, false, true, true, true, true], "location": {"eng": "River (Clifftop)  Pond", "deu": "Teich oberhalb Wasserfall"}, "shadow": "3", "time": [[16, 9]], "months_north": [false, false, true, true, true, true, false, false, true, true, true, false], "name": {"eng": "Cherry salmon", "deu": "Masulachs"}, "caught": false, "id": 26, "price": 1000} ,
{"months_south": [false, false, true, true, true, false, false, false, true, true, true, true], "location": {"eng": "River (Clifftop)  Pond", "deu": "Teich oberhalb Wasserfall"}, "shadow": "3", "time": [[16, 9]], "months_north": [false, false, true, true, true, true, false, false, true, true, true, false], "name": {"eng": "Char", "deu": "Saibling"}, "caught": false, "id": 27, "price": 3800} ,
{"months_south": [false, false, true, true, true, false, false, false, true, true, true, false], "location": {"eng": "River (Clifftop)", "deu": "Fluss oberhalb Wasserfall"}, "shadow": "3", "time": [[16, 9]], "months_north": [false, false, true, true, true, false, false, false, true, true, true, false], "name": {"eng": "Golden trout", "deu": "Goldforelle"}, "caught": false, "id": 28, "price": 15000} ,
{"months_south": [false, false, false, false, false, true, true, true, true, false, false, false], "location": {"eng": "River (Clifftop)", "deu": "Fluss oberhalb Wasserfall"}, "shadow": "5", "time": [[16, 9]], "months_north": [true, true, true, false, false, false, false, false, false, false, false, true], "name": {"eng": "Stringfish", "deu": "Huchen"}, "caught": false, "id": 29, "price": 15000} ,
{"months_south": [false, false, true, false, false, false, false, false, false, false, false, false], "location": {"eng": "River (Mouth)", "deu": "Flussmündung"}, "shadow": "4", "time": [[0, 24]], "months_north": [false, false, false, false, false, false, false, false, true, false, false, false], "name": {"eng": "Salmon", "deu": "Lachs"}, "caught": false, "id": 30, "price": 700} ,
{"months_south": [false, false, true, false, false, false, false, false, false, false, false, false], "location": {"eng": "River (Mouth)", "deu": "Flussmündung"}, "shadow": "6", "time": [[0, 24]], "months_north": [false, false, false, false, false, false, false, false, true, false, false, false], "name": {"eng": "King salmon", "deu": "Königslachs"}, "caught": false, "id": 31, "price": 1800} ,
{"months_south": [false, false, true, true, true, false, false, false, false, false, false, false], "location": {"eng": "River", "deu": "Fluss"}, "shadow": "2", "time": [[16, 9]], "months_north": [false, false, false, false, false, false, false, false, true, true, true, false], "name": {"eng": "Mitten crab", "deu": "Wollhandkrabbe"}, "caught": false, "id": 32, "price": 2000} ,
{"months_south": [true, true, true, true, true, false, false, false, false, true, true, true], "location": {"eng": "River", "deu": "Fluss"}, "shadow": "1", "time": [[9, 16]], "months_north": [false, false, false, true, true, true, true, true, true, true, true, false], "name": {"eng": "Guppy", "deu": "Guppy"}, "caught": false, "id": 33, "price": 1300} ,
{"months_south": [true, true, true, false, false, false, false, false, false, false, true, true], "location": {"eng": "River", "deu": "Fluss"}, "shadow": "2", "time": [[9, 16]], "months_north": [false, false, false, false, true, true, true, true, true, false, false, false], "name": {"eng": "Nibble fish", "deu": "Saugbarbe"}, "caught": false, "id": 34, "price": 1500} ,
{"months_south": [true, true, true, true, false, false, false, false, false, false, true, true], "location": {"eng": "River", "deu": "Fluss"}, "shadow": "2", "time": [[16, 9]], "months_north": [false, false, false, false, true, true, true, true, true, true, false, false], "name": {"eng": "Angelfish", "deu": "Skalar"}, "caught": false, "id": 35, "price": 3000} ,
{"months_south": [true, true, true, true, false, false, false, false, false, false, true, true], "location": {"eng": "River", "deu": "Fluss"}, "shadow": "2", "time": [[9, 16]], "months_north": [false, false, false, false, true, true, true, true, true, true, false, false], "name": {"eng": "Betta", "deu": "Kampffisch"}, "caught": false, "id": 36, "price": 2500} ,
{"months_south": [true, true, true, true, true, false, false, false, false, true, true, true], "location": {"eng": "River", "deu": "Fluss"}, "shadow": "1", "time": [[9, 16]], "months_north": [false, false, false, true, true, true, true, true, true, true, true, false], "name": {"eng": "Neon tetra", "deu": "Neonsalmler"}, "caught": false, "id": 37, "price": 500} ,
{"months_south": [true, true, true, true, false, false, false, false, false, false, true, true], "location": {"eng": "River", "deu": "Fluss"}, "shadow": "1", "time": [[9, 16]], "months_north": [false, false, false, false, true, true, true, true, true, true, false, false], "name": {"eng": "Rainbowfish", "deu": "Regenbogenfisch"}, "caught": false, "id": 38, "price": 800} ,
{"months_south": [true, true, true, false, false, false, false, false, false, false, false, true], "location": {"eng": "River", "deu": "Fluss"}, "shadow": "2", "time": [[9, 16], [21, 16]], "months_north": [false, false, false, false, false, true, true, true, true, false, false, false], "name": {"eng": "Piranha", "deu": "Piranha"}, "caught": false, "id": 39, "price": 2500} ,
{"months_south": [true, true, true, false, false, false, false, false, false, false, false, true], "location": {"eng": "River", "deu": "Fluss"}, "shadow": "4", "time": [[16, 9]], "months_north": [false, false, false, false, false, true, true, true, true, false, false, false], "name": {"eng": "Arowana", "deu": "Arowana"}, "caught": false, "id": 40, "price": 10000} ,
{"months_south": [true, true, true, false, false, false, false, false, false, false, false, true], "location": {"eng": "River", "deu": "Fluss"}, "shadow": "5", "time": [[4, 21]], "months_north": [false, false, false, false, false, true, true, true, true, false, false, false], "name": {"eng": "Dorado", "deu": "Lachssalmler"}, "caught": false, "id": 41, "price": 15000} ,
{"months_south": [true, true, true, false, false, false, false, false, false, false, false, true], "location": {"eng": "Pond", "deu": "Teich"}, "shadow": "6", "time": [[16, 9]], "months_north": [false, false, false, false, false, true, true, true, true, false, false, false], "name": {"eng": "Gar", "deu": "Knochenhecht"}, "caught": false, "id": 42, "price": 6000} ,
{"months_south": [true, true, true, false, false, false, false, false, false, false, false, true], "location": {"eng": "River", "deu": "Fluss"}, "shadow": "6", "time": [[16, 9]], "months_north": [false, false, false, false, false, true, true, true, true, false, false, false], "name": {"eng": "Arapaima", "deu": "Arapaima"}, "caught": false, "id": 43, "price": 10000} ,
{"months_south": [true, true, true, false, false, false, false, false, false, false, false, true], "location": {"eng": "River", "deu": "Fluss"}, "shadow": "4", "time": [[21, 4]], "months_north": [false, false, false, false, false, true, true, true, true, false, false, false], "name": {"eng": "Saddled bichir", "deu": "Flösselhecht"}, "caught": false, "id": 44, "price": 4000} ,
{"months_south": [false, false, true, true, true, true, true, true, true, false, false, false], "location": {"eng": "River (Mouth)", "deu": "Flussmündung"}, "shadow": "6", "time": [[0, 24]], "months_north": [true, true, true, false, false, false, false, false, true, true, true, true], "name": {"eng": "Sturgeon", "deu": "Stör"}, "caught": false, "id": 45, "price": 10000} ,
{"months_south": [false, false, false, false, false, true, true, true, true, false, false, false], "location": {"eng": "Sea", "deu": "Meer"}, "shadow": "1", "time": [[0, 24]], "months_north": [true, true, true, false, false, false, false, false, false, false, false, true], "name": {"eng": "Sea butterfly", "deu": "See-Engel"}, "caught": false, "id": 46, "price": 1000} ,
{"months_south": [true, true, true, true, true, false, false, false, false, true, true, true], "location": {"eng": "Sea", "deu": "Meer"}, "shadow": "1", "time": [[0, 24]], "months_north": [false, false, false, true, true, true, true, true, true, true, true, false], "name": {"eng": "Seahorse", "deu": "Seepferdchen"}, "caught": false, "id": 47, "price": 1100} ,
{"months_south": [true, true, true, false, false, false, false, false, false, true, true, true], "location": {"eng": "Sea", "deu": "Meer"}, "shadow": "1", "time": [[0, 24]], "months_north": [false, false, false, true, true, true, true, true, true, false, false, false], "name": {"eng": "Clownfish", "deu": "Anemonenfisch"}, "caught": false, "id": 48, "price": 650} ,
{"months_south": [true, true, true, false, false, false, false, false, false, true, true, true], "location": {"eng": "Sea", "deu": "Meer"}, "shadow": "2", "time": [[0, 24]], "months_north": [false, false, false, true, true, true, true, true, true, false, false, false], "name": {"eng": "Surgeonfish", "deu": "Paletten-Doktorfisch"}, "caught": false, "id": 49, "price": 1000} ,
{"months_south": [true, true, true, false, false, false, false, false, false, true, true, true], "location": {"eng": "Sea", "deu": "Meer"}, "shadow": "2", "time": [[0, 24]], "months_north": [false, false, false, true, true, true, true, true, true, false, false, false], "name": {"eng": "Butterfly fish", "deu": "Falterfisch"}, "caught": false, "id": 50, "price": 1000} ,
{"months_south": [true, true, false, false, false, false, false, false, false, false, false, false], "location": {"eng": "Sea", "deu": "Meer"}, "shadow": "6", "time": [[4, 21]], "months_north": [false, false, false, false, false, false, true, true, false, false, false, false], "name": {"eng": "Napoleonfish", "deu": "Napoleonfisch"}, "caught": false, "id": 51, "price": 10000} ,
{"months_south": [true, true, true, true, true, false, false, false, false, true, true, true], "location": {"eng": "Sea", "deu": "Meer"}, "shadow": "3", "time": [[0, 24]], "months_north": [false, false, false, true, true, true, true, true, true, true, true, false], "name": {"eng": "Zebra turkeyfish", "deu": "Rotfeuerfisch"}, "caught": false, "id": 52, "price": 500} ,
{"months_south": [false, false, false, false, true, true, true, true, false, false, false, false], "location": {"eng": "Sea", "deu": "Meer"}, "shadow": "3", "time": [[18, 4]], "months_north": [true, true, false, false, false, false, false, false, false, false, true, true], "name": {"eng": "Blowfish", "deu": "Kugelfisch"}, "caught": false, "id": 53, "price": 5000} ,
{"months_south": [true, true, true, false, false, false, false, false, false, false, false, false], "location": {"eng": "Sea", "deu": "Meer"}, "shadow": "3", "time": [[0, 24]], "months_north": [false, false, false, false, false, false, true, true, true, false, false, false], "name": {"eng": "Puffer fish", "deu": "Igelfisch"}, "caught": false, "id": 54, "price": 250} ,
{"months_south": [true, true, true, true, true, true, true, true, true, true, true, true], "location": {"eng": "Sea", "deu": "Meer"}, "shadow": "2", "time": [[4, 21]], "months_north": [true, true, true, true, true, true, true, true, true, true, true, true], "name": {"eng": "Anchovy", "deu": "Sardelle"}, "caught": false, "id": 55, "price": 200} ,
{"months_south": [true, true, true, true, true, true, true, true, true, true, true, true], "location": {"eng": "Sea", "deu": "Meer"}, "shadow": "2", "time": [[0, 24]], "months_north": [true, true, true, true, true, true, true, true, true, true, true, true], "name": {"eng": "Horse mackerel", "deu": "Makrele"}, "caught": false, "id": 56, "price": 150} ,
{"months_south": [true, true, true, true, true, false, false, false, true, true, true, true], "location": {"eng": "Sea", "deu": "Meer"}, "shadow": "3", "time": [[0, 24]], "months_north": [false, false, true, true, true, true, true, true, true, true, true, false], "name": {"eng": "Barred knifejaw", "deu": "Schnabelbarsch"}, "caught": false, "id": 57, "price": 5000} ,
{"months_south": [true, true, true, true, true, true, true, true, true, true, true, true], "location": {"eng": "Sea", "deu": "Meer"}, "shadow": "5", "time": [[0, 24]], "months_north": [true, true, true, true, true, true, true, true, true, true, true, true], "name": {"eng": "Sea bass", "deu": "Seebarsch"}, "caught": false, "id": 58, "price": 400} ,
{"months_south": [true, true, true, true, true, true, true, true, true, true, true, true], "location": {"eng": "Sea", "deu": "Meer"}, "shadow": "4", "time": [[0, 24]], "months_north": [true, true, true, true, true, true, true, true, true, true, true, true], "name": {"eng": "Red snapper", "deu": "Kaiserschnapper"}, "caught": false, "id": 59, "price": 3000} ,
{"months_south": [false, false, false, true, true, true, true, true, true, true, false, false], "location": {"eng": "Sea", "deu": "Meer"}, "shadow": "3", "time": [[0, 24]], "months_north": [true, true, true, true, false, false, false, false, false, true, true, true], "name": {"eng": "Dab", "deu": "Kliesche"}, "caught": false, "id": 60, "price": 300} ,
{"months_south": [true, true, true, true, true, true, true, true, true, true, true, true], "location": {"eng": "Sea", "deu": "Meer"}, "shadow": "5", "time": [[0, 24]], "months_north": [true, true, true, true, true, true, true, true, true, true, true, true], "name": {"eng": "Olive flounder", "deu": "Flunder"}, "caught": false, "id": 61, "price": 800} ,
{"months_south": [true, true, false, false, false, true, true, true, true, true, true, true], "location": {"eng": "Sea", "deu": "Meer"}, "shadow": "3", "time": [[0, 24]], "months_north": [true, true, true, true, true, true, true, true, false, false, false, true], "name": {"eng": "Squid", "deu": "Kalmar"}, "caught": false, "id": 62, "price": 500} ,
{"months_south": [false, true, true, true, false, false, false, false, false, false, false, false], "location": {"eng": "Sea", "deu": "Meer"}, "shadow": "Narrow", "time": [[0, 24]], "months_north": [false, false, false, false, false, false, false, true, true, true, false, false], "name": {"eng": "Moray eel", "deu": "Muräne"}, "caught": false, "id": 63, "price": 2000} ,
{"months_south": [true, true, true, true, false, false, false, false, false, false, false, true], "location": {"eng": "Sea", "deu": "Meer"}, "shadow": "Narrow", "time": [[0, 24]], "months_north": [false, false, false, false, false, true, true, true, true, true, false, false], "name": {"eng": "Ribbon eel", "deu": "Nasenmuräne"}, "caught": false, "id": 64, "price": 600} ,
{"months_south": [false, false, false, false, true, true, true, true, true, true, false, false], "location": {"eng": "Pier", "deu": "Steg"}, "shadow": "6", "time": [[0, 24]], "months_north": [true, true, true, true, false, false, false, false, false, false, true, true], "name": {"eng": "Tuna", "deu": "Thunfisch"}, "caught": false, "id": 65, "price": 7000} ,
{"months_south": [true, true, true, false, true, true, true, true, true, true, false, false], "location": {"eng": "Pier", "deu": "Steg"}, "shadow": "6", "time": [[0, 24]], "months_north": [true, true, true, true, false, false, true, true, true, false, true, true], "name": {"eng": "Blue marlin", "deu": "Marlin"}, "caught": false, "id": 66, "price": 10000} ,
{"months_south": [true, true, true, true, false, false, false, false, false, false, true, true], "location": {"eng": "Pier", "deu": "Steg"}, "shadow": "5", "time": [[0, 24]], "months_north": [false, false, false, false, true, true, true, true, true, true, false, false], "name": {"eng": "Giant trevally", "deu": "Stachelmakrele"}, "caught": false, "id": 67, "price": 4500} ,
{"months_south": [true, true, true, true, false, false, false, false, false, false, true, true], "location": {"eng": "Pier", "deu": "Steg"}, "shadow": "5", "time": [[0, 24]], "months_north": [false, false, false, false, true, true, true, true, true, true, false, false], "name": {"eng": "Mahi-mahi", "deu": "Goldmakrele"}, "caught": false, "id": 68, "price": 6000} ,
{"months_south": [true, true, true, false, false, false, false, false, false, false, false, false], "location": {"eng": "Sea", "deu": "Meer"}, "shadow": "6 (Fin)", "time": [[4, 21]], "months_north": [false, false, false, false, false, false, true, true, true, false, false, false], "name": {"eng": "Ocean sunfish", "deu": "Mondfisch"}, "caught": false, "id": 69, "price": 4000} ,
{"months_south": [false, true, true, true, true, false, false, false, false, false, false, false], "location": {"eng": "Sea", "deu": "Meer"}, "shadow": "5", "time": [[4, 21]], "months_north": [false, false, false, false, false, false, false, true, true, true, true, false], "name": {"eng": "Ray", "deu": "Rochen"}, "caught": false, "id": 70, "price": 3000} ,
{"months_south": [true, true, true, false, false, false, false, false, false, false, false, true], "location": {"eng": "Sea", "deu": "Meer"}, "shadow": "6 (Fin)", "time": [[16, 9]], "months_north": [false, false, false, false, false, true, true, true, true, false, false, false], "name": {"eng": "Saw shark", "deu": "Sägehai"}, "caught": false, "id": 71, "price": 12000} ,
{"months_south": [true, true, true, false, false, false, false, false, false, false, false, true], "location": {"eng": "Sea", "deu": "Meer"}, "shadow": "6 (Fin)", "time": [[16, 9]], "months_north": [false, false, false, false, false, true, true, true, true, false, false, false], "name": {"eng": "Hammerhead shark", "deu": "Hammerhai"}, "caught": false, "id": 72, "price": 8000} ,
{"months_south": [true, true, true, false, false, false, false, false, false, false, false, true], "location": {"eng": "Sea", "deu": "Meer"}, "shadow": "6 (Fin)", "time": [[16, 9]], "months_north": [false, false, false, false, false, true, true, true, true, false, false, false], "name": {"eng": "Shark|Great white shark", "deu": "Hai"}, "caught": false, "id": 73, "price": 15000} ,
{"months_south": [true, true, true, false, false, false, false, false, false, false, false, true], "location": {"eng": "Sea", "deu": "Meer"}, "shadow": "6 (Fin)", "time": [[0, 24]], "months_north": [false, false, false, false, false, true, true, true, true, false, false, false], "name": {"eng": "Whale shark", "deu": "Walhai"}, "caught": false, "id": 74, "price": 13000} ,
{"months_south": [true, true, true, false, false, false, false, false, false, false, false, true], "location": {"eng": "Sea", "deu": "Meer"}, "shadow": "? (Fin)", "time": [[0, 24]], "months_north": [false, false, false, false, false, true, true, true, true, false, false, false], "name": {"eng": "Suckerfish", "deu": "Schiffshalter"}, "caught": false, "id": 75, "price": 1500} ,
{"months_south": [false, false, false, false, true, true, true, true, true, false, false, false], "location": {"eng": "Sea", "deu": "Meer"}, "shadow": "4", "time": [[16, 9]], "months_north": [true, true, true, false, false, false, false, false, false, false, true, true], "name": {"eng": "Football fish", "deu": "Anglerfisch"}, "caught": false, "id": 76, "price": 2500} ,
{"months_south": [false, false, false, false, false, true, true, true, true, true, true, false], "location": {"eng": "Sea", "deu": "Meer"}, "shadow": "6", "time": [[0, 24]], "months_north": [true, true, true, true, true, false, false, false, false, false, false, true], "name": {"eng": "Oarfish", "deu": "Riemenfisch"}, "caught": false, "id": 77, "price": 9000} ,
{"months_south": [true, true, true, true, true, true, true, true, true, true, true, true], "location": {"eng": "Sea", "deu": "Meer"}, "shadow": "2", "time": [[21, 4]], "months_north": [true, true, true, true, true, true, true, true, true, true, true, true], "name": {"eng": "Barreleye", "deu": "Glaskopffisch"}, "caught": false, "id": 78, "price": 15000} ,
{"months_south": [true, true, true, true, true, true, true, true, true, true, true, true], "location": {"eng": "Sea (Raining)", "deu": "Meer (Regen)"}, "shadow": "6", "time": [[0, 24]], "months_north": [true, true, true, true, true, true, true, true, true, true, true, true], "name": {"eng": "Coelacanth", "deu": "Quastenflosser"}, "caught": false, "id": 79, "price": 15000}
]
