[
{"id": 0, "time": [[4, 19]], "name": {"eng": "Common Butterfly", "deu": "Kohlweißling"}, "price": 160, "location": {"eng": "Flying", "deu": "fliegt umher"}, "caught": false, "months_north": [true, true, true, true, true, true, false, false, true, true, true, true], "months_south": [false, false, true, true, true, true, true, true, true, true, true, true]} ,
{"id": 1, "time": [[4, 19]], "name": {"eng": "Yellow Butterfly", "deu": "Zitronenfalter"}, "price": 160, "location": {"eng": "Flying", "deu": "fliegt umher"}, "caught": false, "months_north": [false, false, true, true, true, true, false, false, true, true, false, false], "months_south": [false, false, true, true, false, false, false, false, true, true, true, true]} ,
{"id": 2, "time": [[4, 19]], "name": {"eng": "Tiger Butterfly", "deu": "Schwalbenschwanz"}, "price": 240, "location": {"eng": "Flying", "deu": "fliegt umher"}, "caught": false, "months_north": [false, false, true, true, true, true, true, true, true, false, false, false], "months_south": [true, true, true, false, false, false, false, false, true, true, true, true]} ,
{"id": 3, "time": [[4, 19]], "name": {"eng": "Peacock Butterfly", "deu": "Ritterfalter"}, "price": 2500, "location": {"eng": "Flying by blue/purple/black flowers", "deu": "fliegt bei schw./violett./blau. Blumen"}, "caught": false, "months_north": [false, false, true, true, true, true, false, false, false, false, false, false], "months_south": [false, false, false, false, false, false, false, false, true, true, true, true]} ,
{"id": 4, "time": [[4, 19]], "name": {"eng": "Common Bluebottle", "deu": "Kolibrifalter"}, "price": 300, "location": {"eng": "Flying", "deu": "fliegt umher"}, "caught": false, "months_north": [false, false, false, true, true, true, true, true, false, false, false, false], "months_south": [true, true, false, false, false, false, false, false, false, true, true, true]} ,
{"id": 5, "time": [[8, 19]], "name": {"eng": "Paper Kite Butterfly", "deu": "Weiße Baumnymphe"}, "price": 1000, "location": {"eng": "Flying", "deu": "fliegt umher"}, "caught": false, "months_north": [true, true, true, true, true, true, true, true, true, true, true, true], "months_south": [true, true, true, true, true, true, true, true, true, true, true, true]} ,
{"id": 6, "time": [[4, 19]], "name": {"eng": "Great Purple Emperor", "deu": "Japan-Schillerfalter"}, "price": 3000, "location": {"eng": "Flying", "deu": "fliegt umher"}, "caught": false, "months_north": [false, false, false, false, true, true, true, true, false, false, false, false], "months_south": [true, true, false, false, false, false, false, false, false, false, true, true]} ,
{"id": 7, "time": [[4, 17]], "name": {"eng": "Monarch Butterfly", "deu": "Monarchfalter"}, "price": 140, "location": {"eng": "Flying", "deu": "fliegt umher"}, "caught": false, "months_north": [false, false, false, false, false, false, false, false, true, true, true, false], "months_south": [false, false, true, true, true, false, false, false, false, false, false, false]} ,
{"id": 8, "time": [[17, 8]], "name": {"eng": "Emperor Butterfly", "deu": "Himmelsfalter"}, "price": 4000, "location": {"eng": "Flying", "deu": "fliegt umher"}, "caught": false, "months_north": [true, true, true, false, false, true, true, true, true, false, false, true], "months_south": [true, true, true, false, false, true, true, true, true, false, false, true]} ,
{"id": 9, "time": [[8, 17]], "name": {"eng": "Agrias Butterfly", "deu": "Agrias-Falter"}, "price": 3000, "location": {"eng": "Flying near flowers", "deu": "fliegt nahe Blumen umher"}, "caught": false, "months_north": [false, false, false, true, true, true, true, true, true, false, false, false], "months_south": [true, true, true, false, false, false, false, false, false, true, true, true]} ,
{"id": 10, "time": [[8, 17]], "name": {"eng": "Rajah Brooke's Birdwing", "deu": "Troides brookiana"}, "price": 2500, "location": {"eng": "Flying by blue/purple/black flowers", "deu": "fliegt bei schw./violett./blau. Blumen"}, "caught": false, "months_north": [true, true, false, true, true, true, true, true, true, false, false, true], "months_south": [true, true, true, false, false, true, true, true, false, true, true, true]} ,
{"id": 11, "time": [[8, 16]], "name": {"eng": "Queen Alexandra's Birdwing ", "deu": "Vogelfalter"}, "price": 4000, "location": {"eng": "Flying", "deu": "fliegt umher"}, "caught": false, "months_north": [false, false, false, false, true, true, true, true, true, false, false, false], "months_south": [true, true, true, false, false, false, false, false, false, false, true, true]} ,
{"id": 12, "time": [[19, 4]], "name": {"eng": "Moth", "deu": "Motte"}, "price": 130, "location": {"eng": "Flying by light", "deu": "fliegt umher (Licht)"}, "caught": false, "months_north": [true, true, true, true, true, true, true, true, true, true, true, true], "months_south": [true, true, true, true, true, true, true, true, true, true, true, true]} ,
{"id": 13, "time": [[19, 4]], "name": {"eng": "Atlas Moth", "deu": "Atlasspinner"}, "price": 3000, "location": {"eng": "On Trees", "deu": "an Bäumen"}, "caught": false, "months_north": [false, false, false, true, true, true, true, true, true, false, false, false], "months_south": [true, true, true, false, false, false, false, false, false, true, true, true]} ,
{"id": 14, "time": [[8, 16]], "name": {"eng": "Madagascan Sunset Moth", "deu": "Regenbogenfalter"}, "price": 2500, "location": {"eng": "Flying", "deu": "fliegt umher"}, "caught": false, "months_north": [false, false, false, true, true, true, true, true, true, false, false, false], "months_south": [true, true, true, false, false, false, false, false, false, true, true, true]} ,
{"id": 15, "time": [[8, 19]], "name": {"eng": "Long Locust", "deu": "Nasenschrecke"}, "price": 200, "location": {"eng": "Hopping", "deu": "Boden (hüpft)"}, "caught": false, "months_north": [false, false, false, true, true, true, true, true, true, true, true, false], "months_south": [true, true, true, true, true, false, false, false, false, true, true, true]} ,
{"id": 16, "time": [[8, 19]], "name": {"eng": "Migratory Locust", "deu": "Wanderschrecke"}, "price": 600, "location": {"eng": "Hopping", "deu": "Boden (hüpft)"}, "caught": false, "months_north": [false, false, false, false, false, false, false, true, true, true, true, false], "months_south": [false, true, true, true, true, false, false, false, false, false, false, false]} ,
{"id": 17, "time": [[8, 19]], "name": {"eng": "Rice Grasshopper", "deu": "Heuschrecke"}, "price": 160, "location": {"eng": "Hopping", "deu": "Boden (hüpft)"}, "caught": false, "months_north": [false, false, false, false, false, false, false, true, true, true, true, false], "months_south": [false, true, true, true, true, false, false, false, false, false, false, false]} ,
{"id": 18, "time": [[8, 17]], "name": {"eng": "Grasshopper", "deu": "Grashüpfer"}, "price": 160, "location": {"eng": "Hopping", "deu": "Boden (hüpft)"}, "caught": false, "months_north": [false, false, false, false, false, false, true, true, true, false, false, false], "months_south": [true, true, true, false, false, false, false, false, false, false, false, false]} ,
{"id": 19, "time": [[17, 8]], "name": {"eng": "Cricket", "deu": "Grille"}, "price": 130, "location": {"eng": "Hopping", "deu": "Boden (hüpft)"}, "caught": false, "months_north": [false, false, false, false, false, false, false, false, true, true, true, false], "months_south": [false, false, true, true, true, false, false, false, false, false, false, false]} ,
{"id": 20, "time": [[17, 8]], "name": {"eng": "Bell Cricket", "deu": "Singgrille"}, "price": 430, "location": {"eng": "Hopping", "deu": "Boden (hüpft)"}, "caught": false, "months_north": [false, false, false, false, false, false, false, false, true, true, false, false], "months_south": [false, false, true, true, false, false, false, false, false, false, false, false]} ,
{"id": 21, "time": [[8, 17]], "name": {"eng": "Mantis", "deu": "Gottesanbeterin"}, "price": 430, "location": {"eng": "On Flowers", "deu": "auf Blumen"}, "caught": false, "months_north": [false, false, true, true, true, true, true, true, true, true, true, false], "months_south": [true, true, true, true, true, false, false, false, true, true, true, true]} ,
{"id": 22, "time": [[8, 17]], "name": {"eng": "Orchid Mantis", "deu": "Orchideenmantis"}, "price": 2400, "location": {"eng": "On flowers (White)", "deu": "auf Blumen (weiß)"}, "caught": false, "months_north": [false, false, true, true, true, true, true, true, true, true, true, false], "months_south": [true, true, true, true, true, false, false, false, true, true, true, true]} ,
{"id": 23, "time": [[8, 17]], "name": {"eng": "Honeybee", "deu": "Honigbiene"}, "price": 200, "location": {"eng": "Flying", "deu": "fliegt umher"}, "caught": false, "months_north": [false, false, true, true, true, true, true, false, false, false, false, false], "months_south": [true, false, false, false, false, false, false, false, true, true, true, true]} ,
{"id": 24, "time": [[0, 24]], "name": {"eng": "Wasp", "deu": "Wespe"}, "price": 2500, "location": {"eng": "Shake tree", "deu": "Baum schütteln"}, "caught": false, "months_north": [true, true, true, true, true, true, true, true, true, true, true, true], "months_south": [true, true, true, true, true, true, true, true, true, true, true, true]} ,
{"id": 25, "time": [[8, 17]], "name": {"eng": "Brown Cicada", "deu": "Braunzikade"}, "price": 250, "location": {"eng": "On Trees", "deu": "an Bäumen"}, "caught": false, "months_north": [false, false, false, false, false, false, true, true, false, false, false, false], "months_south": [true, true, false, false, false, false, false, false, false, false, false, false]} ,
{"id": 26, "time": [[8, 17]], "name": {"eng": "Robust Cicada", "deu": "Hyalessa-Zikade"}, "price": 300, "location": {"eng": "On Trees", "deu": "an Bäumen"}, "caught": false, "months_north": [false, false, false, false, false, false, true, true, false, false, false, false], "months_south": [true, true, false, false, false, false, false, false, false, false, false, false]} ,
{"id": 27, "time": [[8, 17]], "name": {"eng": "Giant Cicada", "deu": "Riesenzikade"}, "price": 500, "location": {"eng": "On Trees", "deu": "an Bäumen"}, "caught": false, "months_north": [false, false, false, false, false, false, true, true, false, false, false, false], "months_south": [true, true, false, false, false, false, false, false, false, false, false, false]} ,
{"id": 28, "time": [[8, 17]], "name": {"eng": "Walker Cicada", "deu": "Bergzikade"}, "price": 400, "location": {"eng": "On Trees", "deu": "an Bäumen"}, "caught": false, "months_north": [false, false, false, false, false, false, false, true, true, false, false, false], "months_south": [false, true, true, false, false, false, false, false, false, false, false, false]} ,
{"id": 29, "time": [[4, 8], [16, 19]], "name": {"eng": "Evening Cicada", "deu": "Abendzikade"}, "price": 550, "location": {"eng": "On Trees", "deu": "an Bäumen"}, "caught": false, "months_north": [false, false, false, false, false, false, true, true, false, false, false, false], "months_south": [true, true, false, false, false, false, false, false, false, false, false, false]} ,
{"id": 30, "time": [[0, 24]], "name": {"eng": "Cicada Shell", "deu": "Zikadenlarvenhaut"}, "price": 10, "location": {"eng": "On Trees", "deu": "an Bäumen"}, "caught": false, "months_north": [false, false, false, false, false, false, true, true, false, false, false, false], "months_south": [true, true, false, false, false, false, false, false, false, false, false, false]} ,
{"id": 31, "time": [[8, 19]], "name": {"eng": "Red Dragonfly", "deu": "Feuerlibelle"}, "price": 180, "location": {"eng": "Flying", "deu": "fliegt umher"}, "caught": false, "months_north": [false, false, false, false, false, false, false, false, true, true, false, false], "months_south": [false, false, true, true, false, false, false, false, false, false, false, false]} ,
{"id": 32, "time": [[8, 17]], "name": {"eng": "Darner Dragonfly", "deu": "Königslibelle"}, "price": 230, "location": {"eng": "Flying", "deu": "fliegt umher"}, "caught": false, "months_north": [false, false, false, true, true, true, true, true, true, true, false, false], "months_south": [true, true, true, true, false, false, false, false, false, true, true, true]} ,
{"id": 33, "time": [[8, 17]], "name": {"eng": "Banded Dragonfly", "deu": "Quelljungfer"}, "price": 4500, "location": {"eng": "Flying", "deu": "fliegt umher"}, "caught": false, "months_north": [false, false, false, false, true, true, true, true, true, true, false, false], "months_south": [true, true, true, true, false, false, false, false, false, false, true, true]} ,
{"id": 34, "time": [[0, 24]], "name": {"eng": "Damselfly", "deu": "Seejungfer"}, "price": 500, "location": {"eng": "Flying", "deu": "fliegt umher"}, "caught": false, "months_north": [true, true, false, false, false, false, false, false, false, false, true, true], "months_south": [true, true, false, false, false, false, false, false, false, false, true, true]} ,
{"id": 35, "time": [[19, 4]], "name": {"eng": "Firefly", "deu": "Glühwürmchen"}, "price": 300, "location": {"eng": "Flying", "deu": "fliegt umher"}, "caught": false, "months_north": [false, false, false, false, false, true, false, false, false, false, false, false], "months_south": [false, false, false, false, false, false, false, false, false, false, false, true]} ,
{"id": 36, "time": [[0, 24]], "name": {"eng": "Mole Cricket", "deu": "Maulwurfsgrille"}, "price": 500, "location": {"eng": "Underground", "deu": "unter der Erde"}, "caught": false, "months_north": [true, true, true, true, true, false, false, false, false, false, true, true], "months_south": [false, false, false, false, true, true, true, true, true, true, true, false]} ,
{"id": 37, "time": [[8, 19]], "name": {"eng": "Pondskater", "deu": "Wasserläufer"}, "price": 130, "location": {"eng": "On Ponds and Rivers", "deu": "in Teichen und Flüssen"}, "caught": false, "months_north": [false, false, false, false, true, true, true, true, true, false, false, false], "months_south": [true, true, true, false, false, false, false, false, false, false, true, true]} ,
{"id": 38, "time": [[8, 19]], "name": {"eng": "Diving Beetle", "deu": "Schwimmkäfer"}, "price": 800, "location": {"eng": "On Ponds and Rivers", "deu": "in Teichen und Flüssen"}, "caught": false, "months_north": [false, false, false, false, true, true, true, true, true, false, false, false], "months_south": [true, true, true, false, false, false, false, false, false, false, true, true]} ,
{"id": 39, "time": [[19, 8]], "name": {"eng": "Giant Water Bug", "deu": "Riesenwanze"}, "price": 2000, "location": {"eng": "On Ponds and Rivers", "deu": "in Teichen und Flüssen"}, "caught": false, "months_north": [false, false, false, true, true, true, true, true, true, false, false, false], "months_south": [true, true, true, false, false, false, false, false, false, true, true, true]} ,
{"id": 40, "time": [[0, 24]], "name": {"eng": "Stinkbug", "deu": "Stinkwanze"}, "price": 120, "location": {"eng": "On flowers", "deu": "auf Blumen"}, "caught": false, "months_north": [false, false, true, true, true, true, true, true, true, true, false, false], "months_south": [true, true, true, true, false, false, false, false, true, true, true, true]} ,
{"id": 41, "time": [[19, 8]], "name": {"eng": "Man-faced Stink Bug", "deu": "Gesichtswanze"}, "price": 1000, "location": {"eng": "On flowers", "deu": "auf Blumen"}, "caught": false, "months_north": [false, false, true, true, true, true, true, true, true, true, false, false], "months_south": [true, true, true, true, false, false, false, false, true, true, true, true]} ,
{"id": 42, "time": [[8, 17]], "name": {"eng": "Ladybug", "deu": "Marienkäfer"}, "price": 200, "location": {"eng": "On flowers", "deu": "auf Blumen"}, "caught": false, "months_north": [false, false, true, true, true, true, false, false, false, true, false, false], "months_south": [false, false, false, true, false, false, false, false, true, true, true, true]} ,
{"id": 43, "time": [[0, 24]], "name": {"eng": "Tiger Beetle", "deu": "Sandlaufkäfer"}, "price": 1500, "location": {"eng": "On the ground", "deu": "Boden"}, "caught": false, "months_north": [false, true, true, true, true, true, true, true, true, true, false, false], "months_south": [true, true, true, true, false, false, false, true, true, true, true, true]} ,
{"id": 44, "time": [[0, 24]], "name": {"eng": "Jewel Beetle", "deu": "Prachtkäfer"}, "price": 2400, "location": {"eng": "On tree stumps", "deu": "Baumstumpf"}, "caught": false, "months_north": [false, false, false, true, true, true, true, true, false, false, false, false], "months_south": [true, true, false, true, true, true, true, true, false, true, true, true]} ,
{"id": 45, "time": [[0, 24]], "name": {"eng": "Violin Beetle", "deu": "Geigenkäfer"}, "price": 450, "location": {"eng": "On tree stumps", "deu": "Baumstumpf"}, "caught": false, "months_north": [false, false, false, false, true, true, false, false, true, true, true, false], "months_south": [false, false, true, true, true, false, false, false, false, false, true, true]} ,
{"id": 46, "time": [[0, 24]], "name": {"eng": "Citrus Long-horned Beetle", "deu": "Fichtenbock"}, "price": 350, "location": {"eng": "On tree stumps", "deu": "Baumstumpf"}, "caught": false, "months_north": [true, true, true, true, true, true, true, true, true, true, true, true], "months_south": [true, true, true, true, true, true, true, true, true, true, true, true]} ,
{"id": 47, "time": [[0, 24]], "name": {"eng": "Rosalia Batesi Beetle", "deu": "Alpenbock"}, "price": 3000, "location": {"eng": "On tree stumps", "deu": "Baumstumpf"}, "caught": false, "months_north": [false, false, false, false, true, true, true, true, true, false, false, false], "months_south": [true, true, true, false, false, false, false, false, false, false, true, true]} ,
{"id": 48, "time": [[0, 24]], "name": {"eng": "Blue Weevil Beetle", "deu": "Blaurüsselkäfer"}, "price": 800, "location": {"eng": "On tree stumps", "deu": "Baumstumpf"}, "caught": false, "months_north": [false, false, false, false, false, false, true, true, false, false, false, false], "months_south": [true, true, false, false, false, false, false, false, false, false, false, false]} ,
{"id": 49, "time": [[0, 24]], "name": {"eng": "Dung Beetle", "deu": "Mistkäfer"}, "price": 3000, "location": {"eng": "On the ground (rolling snowballs)", "deu": "Boden (rollt Kugeln)"}, "caught": false, "months_north": [true, true, false, false, false, false, false, false, false, false, false, true], "months_south": [false, false, false, false, false, true, true, true, false, false, false, false]} ,
{"id": 50, "time": [[0, 24]], "name": {"eng": "Earth-boring Dung Beetle", "deu": "Gold-Mistkäfer"}, "price": 300, "location": {"eng": "On the ground", "deu": "Boden"}, "caught": false, "months_north": [false, false, false, false, false, false, true, true, true, false, false, false], "months_south": [true, true, true, false, false, false, false, false, false, false, false, false]} ,
{"id": 51, "time": [[23, 8]], "name": {"eng": "Scarab Beetle", "deu": "Goldskarabäus"}, "price": 10000, "location": {"eng": "On Trees", "deu": "an Bäumen"}, "caught": false, "months_north": [false, false, false, false, false, false, true, true, false, false, false, false], "months_south": [true, true, false, false, false, false, false, false, false, false, false, false]} ,
{"id": 52, "time": [[0, 24]], "name": {"eng": "Drone Beetle", "deu": "Japan-Rosenkäfer"}, "price": 200, "location": {"eng": "On Trees", "deu": "an Bäumen"}, "caught": false, "months_north": [false, false, false, false, false, true, true, true, false, false, false, false], "months_south": [true, true, false, false, false, false, false, false, false, false, false, true]} ,
{"id": 53, "time": [[17, 8]], "name": {"eng": "Goliath Beetle", "deu": "Goliathkäfer"}, "price": 8000, "location": {"eng": "On Trees (palms)", "deu": "an Palmen"}, "caught": false, "months_north": [false, false, false, false, false, true, true, true, true, false, false, false], "months_south": [true, true, true, false, false, false, false, false, false, false, false, true]} ,
{"id": 54, "time": [[0, 24]], "name": {"eng": "Saw Atag", "deu": "Sägezahn-Hirschkäfer"}, "price": 2000, "location": {"eng": "On Trees", "deu": "an Bäumen"}, "caught": false, "months_north": [false, false, false, false, false, false, true, true, false, false, false, false], "months_south": [true, true, false, false, false, false, false, false, false, false, false, false]} ,
{"id": 55, "time": [[0, 24]], "name": {"eng": "Miyama Stag", "deu": "Hirschkäfer"}, "price": 1000, "location": {"eng": "On Trees", "deu": "an Bäumen"}, "caught": false, "months_north": [false, false, false, false, false, false, true, true, false, false, false, false], "months_south": [true, true, false, false, false, false, false, false, false, false, false, false]} ,
{"id": 56, "time": [[23, 8]], "name": {"eng": "Giant Stag", "deu": "Riesen-Hirschkäfer"}, "price": 10000, "location": {"eng": "On Trees", "deu": "an Bäumen"}, "caught": false, "months_north": [false, false, false, false, false, false, true, true, false, false, false, false], "months_south": [true, true, false, false, false, false, false, false, false, false, false, false]} ,
{"id": 57, "time": [[19, 8]], "name": {"eng": "Rainbow Stag", "deu": "Pracht-Hirschkäfer"}, "price": 6000, "location": {"eng": "On Trees", "deu": "an Bäumen"}, "caught": false, "months_north": [false, false, false, false, false, true, true, true, true, false, false, false], "months_south": [true, true, true, false, false, false, false, false, false, false, false, true]} ,
{"id": 58, "time": [[17, 8]], "name": {"eng": "Cyclommatus Stag", "deu": "Cyclommantus"}, "price": 8000, "location": {"eng": "On Trees", "deu": "an Bäumen"}, "caught": false, "months_north": [false, false, false, false, false, false, true, true, false, false, false, false], "months_south": [true, true, false, false, false, false, false, false, false, false, false, false]} ,
{"id": 59, "time": [[17, 8]], "name": {"eng": "Golden Stag", "deu": "Laprima aurata"}, "price": -1, "location": {"eng": "On Trees", "deu": "an Bäumen"}, "caught": false, "months_north": [false, false, false, false, false, false, true, true, false, false, false, false], "months_south": [false, true, true, false, false, false, false, false, false, false, false, false]} ,
{"id": 60, "time": [[17, 8]], "name": {"eng": "Giraffe Stag", "deu": "Giraffenhirschkäfer"}, "price": -1, "location": {"eng": "On Trees", "deu": "an Bäumen"}, "caught": false, "months_north": [false, false, false, false, false, false, true, true, false, false, false, false], "months_south": [true, true, false, false, false, false, false, false, false, false, false, false]} ,
{"id": 61, "time": [[17, 8]], "name": {"eng": "Horned Dynastid", "deu": "Nashornkäfer"}, "price": 1350, "location": {"eng": "On Trees", "deu": "an Bäumen"}, "caught": false, "months_north": [false, false, false, false, false, false, true, true, false, false, false, false], "months_south": [true, true, false, false, false, false, false, false, false, false, false, false]} ,
{"id": 62, "time": [[17, 8]], "name": {"eng": "Horned Atlas", "deu": "Atlaskäfer"}, "price": 8000, "location": {"eng": "On Trees", "deu": "an Bäumen"}, "caught": false, "months_north": [false, false, false, false, false, false, true, true, false, false, false, false], "months_south": [true, true, false, false, false, false, false, false, false, false, false, false]} ,
{"id": 63, "time": [[17, 8]], "name": {"eng": "Horned Elephant", "deu": "Elefantenkäfer"}, "price": 8000, "location": {"eng": "On Trees", "deu": "an Bäumen"}, "caught": false, "months_north": [false, false, false, false, false, false, true, true, false, false, false, false], "months_south": [true, true, false, false, false, false, false, false, false, false, false, false]} ,
{"id": 64, "time": [[17, 8]], "name": {"eng": "Horned Hercules", "deu": "Herkuleskäfer"}, "price": -1, "location": {"eng": "On Trees", "deu": "an Bäumen"}, "caught": false, "months_north": [false, false, false, false, false, false, true, true, false, false, false, false], "months_south": [true, true, false, false, false, false, false, false, false, false, false, false]} ,
{"id": 65, "time": [[4, 8], [17, 19]], "name": {"eng": "Walking Stick", "deu": "Stabschrecke"}, "price": 600, "location": {"eng": "Shake Tree", "deu": "Baum schütteln"}, "caught": false, "months_north": [false, false, false, false, false, false, true, true, true, true, true, false], "months_south": [true, true, true, true, true, false, false, false, false, false, false, false]} ,
{"id": 66, "time": [[0, 24]], "name": {"eng": "Walking Leaf", "deu": "Blattschrecke"}, "price": 600, "location": {"eng": "Under Trees Disguised as Leafs", "deu": "Unter Bäumen (getarnt als Blatt)"}, "caught": false, "months_north": [false, false, false, false, false, false, true, true, true, false, false, false], "months_south": [true, true, true, false, false, false, false, false, false, false, false, false]} ,
{"id": 67, "time": [[0, 24]], "name": {"eng": "Bagworm", "deu": "Sackträger"}, "price": 600, "location": {"eng": "Shake tree", "deu": "Baum schütteln"}, "caught": false, "months_north": [true, true, true, true, true, true, true, true, true, true, true, true], "months_south": [true, true, true, true, true, true, true, true, true, true, true, true]} ,
{"id": 68, "time": [[0, 24]], "name": {"eng": "Ant", "deu": "Ameise"}, "price": 80, "location": {"eng": "On rotten food", "deu": "an vergammeltem Essen (Rüben)"}, "caught": false, "months_north": [true, true, true, true, true, true, true, true, true, true, true, true], "months_south": [true, true, true, true, true, true, true, true, true, true, true, true]} ,
{"id": 69, "time": [[19, 8]], "name": {"eng": "Hermit Crab", "deu": "Einsiedlerkrebs"}, "price": 1000, "location": {"eng": "Beach disguised as shells", "deu": "Strand (getarnt als Muschel)"}, "caught": false, "months_north": [true, true, true, true, true, true, true, true, true, true, true, true], "months_south": [true, true, true, true, true, true, true, true, true, true, true, true]} ,
{"id": 70, "time": [[0, 24]], "name": {"eng": "Wharf Roach", "deu": "Ligia exotica"}, "price": 200, "location": {"eng": "On beach rocks", "deu": "Strandfelsen"}, "caught": false, "months_north": [true, true, true, true, true, true, true, true, true, true, true, true], "months_south": [true, true, true, true, true, true, true, true, true, true, true, true]} ,
{"id": 71, "time": [[0, 24]], "name": {"eng": "Fly", "deu": "Fliege"}, "price": 60, "location": {"eng": "On trash items", "deu": "auf Müllgegenständen"}, "caught": false, "months_north": [true, true, true, true, true, true, true, true, true, true, true, true], "months_south": [true, true, true, true, true, true, true, true, true, true, true, true]} ,
{"id": 72, "time": [[17, 4]], "name": {"eng": "Mosquito", "deu": "Mücke"}, "price": 130, "location": {"eng": "Flying", "deu": "fliegt umher"}, "caught": false, "months_north": [false, false, false, false, false, true, true, true, true, false, false, false], "months_south": [true, true, true, false, false, false, false, false, false, false, false, true]} ,
{"id": 73, "time": [[0, 24]], "name": {"eng": "Flea", "deu": "Floh"}, "price": 70, "location": {"eng": "Villager's Heads", "deu": "auf Dorfbewohnern"}, "caught": false, "months_north": [false, false, false, true, true, true, true, true, true, true, true, false], "months_south": [true, true, true, true, true, false, false, false, false, true, true, true]} ,
{"id": 74, "time": [[0, 24]], "name": {"eng": "Snail", "deu": "Schnecke"}, "price": 250, "location": {"eng": "On rocks (Rain)", "deu": "Auf Steinen (Regen)"}, "caught": false, "months_north": [true, true, true, true, true, true, true, true, true, true, true, true], "months_south": [true, true, true, true, true, true, true, true, true, true, true, true]} ,
{"id": 75, "time": [[23, 16]], "name": {"eng": "Pill bug", "deu": "Kugelassel"}, "price": 250, "location": {"eng": "Hit a rock", "deu": "Stein anschlagen"}, "caught": false, "months_north": [true, true, true, true, true, true, false, false, true, true, true, true], "months_south": [false, false, true, true, true, true, true, true, true, true, true, true]} ,
{"id": 76, "time": [[16, 23]], "name": {"eng": "Centipede", "deu": "Hundertfüßer"}, "price": 300, "location": {"eng": "Hit a rock", "deu": "Stein anschlagen"}, "caught": false, "months_north": [true, true, true, true, true, true, false, false, true, true, true, true], "months_south": [false, false, true, true, true, true, true, true, true, true, true, true]} ,
{"id": 77, "time": [[19, 8]], "name": {"eng": "Spider", "deu": "Spinne"}, "price": 480, "location": {"eng": "Shake tree", "deu": "Baum schütteln"}, "caught": false, "months_north": [true, true, true, true, true, true, true, true, true, true, true, true], "months_south": [true, true, true, true, true, true, true, true, true, true, true, true]} ,
{"id": 78, "time": [[19, 4]], "name": {"eng": "Tarantula", "deu": "Vogelspinne "}, "price": 8000, "location": {"eng": "On the ground", "deu": "Boden"}, "caught": false, "months_north": [true, true, true, true, false, false, false, false, false, false, true, true], "months_south": [false, false, false, false, true, true, true, true, true, true, false, false]} ,
{"id": 79, "time": [[19, 4]], "name": {"eng": "Scorpion", "deu": "Skorpion"}, "price": 8000, "location": {"eng": "On the ground", "deu": "Boden"}, "caught": false, "months_north": [false, false, false, false, true, true, true, true, true, true, false, false], "months_south": [true, true, true, true, false, false, false, false, false, false, true, true]}
]
